# Source: MIL-DTL-12560K (MR), 07 Dec 2013, Appendix A, Tables A-II..A-VII (DISTRIBUTION STATEMENT A: approved for public release).
# These are MINIMUM REQUIRED protection-criteria ballistic limits BL(P) for Class 1 & 3 plate (and class-3 MAXIMUM where given), not measured V50s of a specific plate.
# Units as printed: thickness inches, velocity ft/s. Extracted from the PDF text by script; every row was re-found verbatim in the text. See ../full-caliber-ap-sources.md.
table,projectile,obliquity_deg,thickness_in,min_BLP_ftps,class3_max_BLP_ftps
A-II,caliber .30 M2 AP,0,0.205,1386,
A-II,caliber .30 M2 AP,0,0.210,1411,
A-II,caliber .30 M2 AP,0,0.215,1435,
A-II,caliber .30 M2 AP,0,0.220,1458,
A-II,caliber .30 M2 AP,0,0.225,1482,1623
A-II,caliber .30 M2 AP,0,0.231,1509,1650
A-II,caliber .30 M2 AP,0,0.235,1532,1673
A-II,caliber .30 M2 AP,0,0.240,1554,1695
A-II,caliber .30 M2 AP,0,0.245,1575,1716
A-II,caliber .30 M2 AP,0,0.250,1596,1737
A-II,caliber .30 M2 AP,0,0.255,1618,1759
A-II,caliber .30 M2 AP,0,0.260,1638,1779
A-II,caliber .30 M2 AP,0,0.265,1659,1800
A-II,caliber .30 M2 AP,0,0.270,1679,1820
A-II,caliber .30 M2 AP,0,0.275,1699,1840
A-II,caliber .30 M2 AP,0,0.280,1719,1860
A-II,caliber .30 M2 AP,0,0.285,1739,1880
A-II,caliber .30 M2 AP,0,0.290,1758,1899
A-II,caliber .30 M2 AP,0,0.295,1778,1919
A-II,caliber .30 M2 AP,0,0.300,1797,1938
A-II,caliber .30 M2 AP,0,0.305,1815,1956
A-II,caliber .30 M2 AP,0,0.310,1834,1975
A-II,caliber .30 M2 AP,0,0.315,1853,1994
A-II,caliber .30 M2 AP,0,0.320,1871,2012
A-II,caliber .30 M2 AP,0,0.325,1889,2030
A-II,caliber .30 M2 AP,0,0.330,1907,2048
A-II,caliber .30 M2 AP,0,0.335,1925,2066
A-II,caliber .30 M2 AP,0,0.340,1942,2083
A-II,caliber .30 M2 AP,0,0.345,1960,2101
A-II,caliber .30 M2 AP,0,0.350,1977,2118
A-II,caliber .30 M2 AP,0,0.355,1994,2135
A-II,caliber .30 M2 AP,0,0.360,2011,2152
A-II,caliber .30 M2 AP,0,0.365,2028,2169
A-II,caliber .30 M2 AP,0,0.370,2045,2186
A-II,caliber .30 M2 AP,0,0.375,2062,2203
A-II,caliber .30 M2 AP,0,0.380,2078,2219
A-II,caliber .30 M2 AP,0,0.385,2095,2236
A-II,caliber .30 M2 AP,0,0.390,2111,2252
A-II,caliber .30 M2 AP,0,0.395,2127,2268
A-II,caliber .30 M2 AP,0,0.400,2143,2284
A-II,caliber .30 M2 AP,0,0.405,2159,2300
A-II,caliber .30 M2 AP,0,0.410,2175,2316
A-II,caliber .30 M2 AP,0,0.415,2191,2332
A-II,caliber .30 M2 AP,0,0.420,2206,2347
A-II,caliber .30 M2 AP,0,0.425,2222,2363
A-II,caliber .30 M2 AP,0,0.430,2237,2378
A-II,caliber .30 M2 AP,0,0.435,2252,2393
A-II,caliber .30 M2 AP,0,0.440,2267,2408
A-II,caliber .30 M2 AP,0,0.445,2282,2423
A-II,caliber .30 M2 AP,0,0.450,2297,2438
A-II,caliber .30 M2 AP,0,0.455,2312,2453
A-II,caliber .30 M2 AP,0,0.460,2327,2468
A-II,caliber .30 M2 AP,0,0.465,2342,2483
A-II,caliber .30 M2 AP,0,0.470,2356,2497
A-II,caliber .30 M2 AP,0,0.475,2371,2512
A-II,caliber .30 M2 AP,0,0.480,2385,2526
A-II,caliber .30 M2 AP,0,0.485,2400,2541
A-II,caliber .30 M2 AP,0,0.490,2414,2555
A-II,caliber .30 M2 AP,0,0.495,2428,2569
A-II,caliber .30 M2 AP,0,0.500,2442,2583
A-II,caliber .30 M2 AP,0,0.505,2456,2597
A-II,caliber .30 M2 AP,0,0.510,2470,2611
A-II,caliber .30 M2 AP,0,0.515,2484,2625
A-II,caliber .30 M2 AP,0,0.520,2498,2639
A-II,caliber .30 M2 AP,0,0.525,2512,2653
A-II,caliber .30 M2 AP,0,0.530,2525,2666
A-II,caliber .30 M2 AP,0,0.535,2539,2680
A-II,caliber .30 M2 AP,0,0.540,2552,2693
A-II,caliber .30 M2 AP,0,0.545,2566,2707
A-II,caliber .30 M2 AP,0,0.550,2579,2720
A-II,caliber .30 M2 AP,0,0.555,2593,2734
A-II,caliber .30 M2 AP,0,0.560,2606,2747
A-II,caliber .30 M2 AP,0,0.565,2619,2760
A-II,caliber .30 M2 AP,0,0.570,2632,2773
A-II,caliber .30 M2 AP,0,0.575,2645,2786
A-II,caliber .30 M2 AP,0,0.580,2658,2799
A-II,caliber .30 M2 AP,0,0.585,2671,2812
A-II,caliber .30 M2 AP,0,0.590,2684,2825
A-II,caliber .30 M2 AP,0,0.595,2697,2838
A-II,caliber .30 M2 AP,0,0.600,2710,2851
A-II,caliber .30 M2 AP,0,0.605,2723,2864
A-II,caliber .30 M2 AP,0,0.610,2736,2877
A-II,caliber .30 M2 AP,0,0.615,2749,2890
A-II,caliber .30 M2 AP,0,0.620,2762,2903
A-II,caliber .30 M2 AP,0,0.624,2772,2913
A-II,caliber .30 M2 AP,0,0.625,2775,2916
A-II,caliber .30 M2 AP,0,0.630,2788,2929
A-II,caliber .30 M2 AP,0,0.635,2801,2942
A-II,caliber .30 M2 AP,0,0.640,2814,2955
A-II,caliber .30 M2 AP,0,0.645,2827,2968
A-III,caliber .50 M2 AP,0,0.550,1901,2047
A-III,caliber .50 M2 AP,0,0.555,1911,2057
A-III,caliber .50 M2 AP,0,0.560,1922,2068
A-III,caliber .50 M2 AP,0,0.565,1932,2078
A-III,caliber .50 M2 AP,0,0.566,1934,2080
A-III,caliber .50 M2 AP,0,0.570,1942,2088
A-III,caliber .50 M2 AP,0,0.575,1952,2098
A-III,caliber .50 M2 AP,0,0.580,1962,2108
A-III,caliber .50 M2 AP,0,0.585,1972,2118
A-III,caliber .50 M2 AP,0,0.590,1982,2128
A-III,caliber .50 M2 AP,0,0.595,1992,2138
A-III,caliber .50 M2 AP,0,0.600,2002,2148
A-III,caliber .50 M2 AP,0,0.605,2012,2158
A-III,caliber .50 M2 AP,0,0.610,2022,2168
A-III,caliber .50 M2 AP,0,0.615,2031,2177
A-III,caliber .50 M2 AP,0,0.620,2041,2187
A-III,caliber .50 M2 AP,0,0.625,2051,2197
A-III,caliber .50 M2 AP,0,0.630,2060,2206
A-III,caliber .50 M2 AP,0,0.635,2070,2216
A-III,caliber .50 M2 AP,0,0.640,2079,2225
A-III,caliber .50 M2 AP,0,0.645,2089,2235
A-III,caliber .50 M2 AP,0,0.650,2098,2244
A-III,caliber .50 M2 AP,0,0.655,2108,2254
A-III,caliber .50 M2 AP,0,0.660,2117,2263
A-III,caliber .50 M2 AP,0,0.665,2126,2272
A-III,caliber .50 M2 AP,0,0.670,2136,2282
A-III,caliber .50 M2 AP,0,0.675,2145,2291
A-III,caliber .50 M2 AP,0,0.680,2154,2300
A-III,caliber .50 M2 AP,0,0.685,2163,2309
A-III,caliber .50 M2 AP,0,0.690,2173,2319
A-III,caliber .50 M2 AP,0,0.695,2182,2328
A-III,caliber .50 M2 AP,0,0.700,2191,2337
A-III,caliber .50 M2 AP,0,0.705,2200,2346
A-III,caliber .50 M2 AP,0,0.710,2209,2355
A-III,caliber .50 M2 AP,0,0.715,2218,2364
A-III,caliber .50 M2 AP,0,0.720,2227,2373
A-III,caliber .50 M2 AP,0,0.725,2235,2381
A-III,caliber .50 M2 AP,0,0.730,2244,2390
A-III,caliber .50 M2 AP,0,0.735,2253,2399
A-III,caliber .50 M2 AP,0,0.740,2262,2408
A-III,caliber .50 M2 AP,0,0.745,2271,2417
A-III,caliber .50 M2 AP,0,0.750,2279,2425
A-III,caliber .50 M2 AP,0,0.755,2288,2434
A-III,caliber .50 M2 AP,0,0.760,2297,2443
A-III,caliber .50 M2 AP,0,0.765,2305,2451
A-III,caliber .50 M2 AP,0,0.770,2314,2460
A-III,caliber .50 M2 AP,0,0.775,2322,2468
A-III,caliber .50 M2 AP,0,0.780,2331,2477
A-III,caliber .50 M2 AP,0,0.785,2339,2485
A-III,caliber .50 M2 AP,0,0.790,2348,2494
A-III,caliber .50 M2 AP,0,0.795,2356,2502
A-III,caliber .50 M2 AP,0,0.800,2365,2511
A-III,caliber .50 M2 AP,0,0.805,2373,2519
A-III,caliber .50 M2 AP,0,0.810,2382,2528
A-III,caliber .50 M2 AP,0,0.815,2390,2536
A-III,caliber .50 M2 AP,0,0.820,2398,2544
A-III,caliber .50 M2 AP,0,0.825,2406,2552
A-III,caliber .50 M2 AP,0,0.830,2415,2561
A-III,caliber .50 M2 AP,0,0.835,2423,2569
A-III,caliber .50 M2 AP,0,0.840,2431,2577
A-III,caliber .50 M2 AP,0,0.845,2439,2585
A-III,caliber .50 M2 AP,0,0.850,2447,2593
A-III,caliber .50 M2 AP,0,0.855,2455,2601
A-III,caliber .50 M2 AP,0,0.860,2464,2610
A-III,caliber .50 M2 AP,0,0.865,2472,2618
A-III,caliber .50 M2 AP,0,0.870,2480,2626
A-III,caliber .50 M2 AP,0,0.875,2488,2634
A-III,caliber .50 M2 AP,0,0.880,2496,2642
A-III,caliber .50 M2 AP,0,0.885,2504,2650
A-III,caliber .50 M2 AP,0,0.890,2511,2657
A-III,caliber .50 M2 AP,0,0.895,2519,2665
A-III,caliber .50 M2 AP,0,0.900,2527,2673
A-III,caliber .50 M2 AP,0,0.905,2535,2681
A-III,caliber .50 M2 AP,0,0.910,2543,2689
A-III,caliber .50 M2 AP,0,0.915,2551,2697
A-III,caliber .50 M2 AP,0,0.920,2559,2705
A-III,caliber .50 M2 AP,0,0.925,2566,2712
A-III,caliber .50 M2 AP,0,0.930,2574,2720
A-III,caliber .50 M2 AP,0,0.935,2582,2728
A-III,caliber .50 M2 AP,0,0.940,2590,2736
A-III,caliber .50 M2 AP,0,0.945,2597,2743
A-III,caliber .50 M2 AP,0,0.950,2605,2751
A-III,caliber .50 M2 AP,0,0.955,2612,2758
A-III,caliber .50 M2 AP,0,0.960,2620,2766
A-III,caliber .50 M2 AP,0,0.965,2628,2774
A-III,caliber .50 M2 AP,0,0.970,2635,2781
A-III,caliber .50 M2 AP,0,0.975,2643,2789
A-III,caliber .50 M2 AP,0,0.980,2650,2796
A-III,caliber .50 M2 AP,0,0.985,2658,2804
A-III,caliber .50 M2 AP,0,0.990,2665,2811
A-III,caliber .50 M2 AP,0,0.995,2673,2819
A-III,caliber .50 M2 AP,0,1.000,2680,2826
A-III,caliber .50 M2 AP,0,1.005,2688,2834
A-III,caliber .50 M2 AP,0,1.010,2695,2841
A-III,caliber .50 M2 AP,0,1.015,2702,2848
A-III,caliber .50 M2 AP,0,1.020,2710,2856
A-III,caliber .50 M2 AP,0,1.025,2717,2863
A-III,caliber .50 M2 AP,0,1.030,2724,2870
A-III,caliber .50 M2 AP,0,1.035,2732,2878
A-III,caliber .50 M2 AP,0,1.040,2739,2885
A-III,caliber .50 M2 AP,0,1.045,2746,2892
A-III,caliber .50 M2 AP,0,1.050,2754,2900
A-III,caliber .50 M2 AP,0,1.055,2761,2907
A-III,caliber .50 M2 AP,0,1.060,2768,2914
A-III,caliber .50 M2 AP,0,1.065,2775,2921
A-III,caliber .50 M2 AP,0,1.070,2782,2928
A-III,caliber .50 M2 AP,0,1.075,2790,2936
A-III,caliber .50 M2 AP,0,1.080,2797,2943
A-III,caliber .50 M2 AP,0,1.085,2804,2950
A-III,caliber .50 M2 AP,0,1.090,2811,2957
A-III,caliber .50 M2 AP,0,1.095,2818,2964
A-III,caliber .50 M2 AP,0,1.100,2825,2971
A-III,caliber .50 M2 AP,0,1.105,2832,2978
A-III,caliber .50 M2 AP,0,1.110,2839,2985
A-III,caliber .50 M2 AP,0,1.115,2846,2992
A-III,caliber .50 M2 AP,0,1.120,2853,2999
A-III,caliber .50 M2 AP,0,1.125,2860,3006
A-III,caliber .50 M2 AP,0,1.130,2867,3013
A-III,caliber .50 M2 AP,0,1.135,2874,3020
A-III,caliber .50 M2 AP,0,1.140,2881,3027
A-III,caliber .50 M2 AP,0,1.145,2888,3034
A-III,caliber .50 M2 AP,0,1.150,2895,3041
A-III,caliber .50 M2 AP,0,1.155,2902,3048
A-III,caliber .50 M2 AP,0,1.160,2909,3055
A-III,caliber .50 M2 AP,0,1.165,2915,3061
A-III,caliber .50 M2 AP,0,1.170,2922,3068
A-III,caliber .50 M2 AP,0,1.175,2929,3075
A-III,caliber .50 M2 AP,0,1.180,2936,3082
A-III,caliber .50 M2 AP,0,1.185,2943,3089
A-III,caliber .50 M2 AP,0,1.190,2949,3095
A-III,caliber .50 M2 AP,0,1.195,2956,3102
A-III,caliber .50 M2 AP,0,1.200,2963,3109
A-IV,20 mm M602 API-T,0,1.080,1909,2016
A-IV,20 mm M602 API-T,0,1.090,1921,2029
A-IV,20 mm M602 API-T,0,1.100,1933,2042
A-IV,20 mm M602 API-T,0,1.110,1945,2055
A-IV,20 mm M602 API-T,0,1.120,1957,2068
A-IV,20 mm M602 API-T,0,1.126,1964,2076
A-IV,20 mm M602 API-T,0,1.130,1969,2081
A-IV,20 mm M602 API-T,0,1.140,1981,2094
A-IV,20 mm M602 API-T,0,1.150,1993,2106
A-IV,20 mm M602 API-T,0,1.160,2004,2119
A-IV,20 mm M602 API-T,0,1.170,2016,2131
A-IV,20 mm M602 API-T,0,1.180,2027,2144
A-IV,20 mm M602 API-T,0,1.190,2039,2156
A-IV,20 mm M602 API-T,0,1.200,2050,2169
A-IV,20 mm M602 API-T,0,1.210,2061,2181
A-IV,20 mm M602 API-T,0,1.220,2073,2193
A-IV,20 mm M602 API-T,0,1.230,2084,2205
A-IV,20 mm M602 API-T,0,1.240,2095,2217
A-IV,20 mm M602 API-T,0,1.250,2106,2229
A-IV,20 mm M602 API-T,0,1.260,2117,2241
A-IV,20 mm M602 API-T,0,1.270,2128,2253
A-IV,20 mm M602 API-T,0,1.280,2139,2265
A-IV,20 mm M602 API-T,0,1.290,2149,2277
A-IV,20 mm M602 API-T,0,1.300,2160,2289
A-IV,20 mm M602 API-T,0,1.310,2171,2300
A-IV,20 mm M602 API-T,0,1.320,2181,2312
A-IV,20 mm M602 API-T,0,1.330,2192,2323
A-IV,20 mm M602 API-T,0,1.340,2203,2335
A-IV,20 mm M602 API-T,0,1.350,2213,2346
A-IV,20 mm M602 API-T,0,1.360,2223,2358
A-IV,20 mm M602 API-T,0,1.370,2234,2369
A-IV,20 mm M602 API-T,0,1.380,2244,2380
A-IV,20 mm M602 API-T,0,1.390,2254,2392
A-IV,20 mm M602 API-T,0,1.400,2265,2403
A-IV,20 mm M602 API-T,0,1.410,2275,2414
A-IV,20 mm M602 API-T,0,1.420,2285,2425
A-IV,20 mm M602 API-T,0,1.430,2295,2436
A-IV,20 mm M602 API-T,0,1.440,2305,2447
A-IV,20 mm M602 API-T,0,1.450,2315,2458
A-IV,20 mm M602 API-T,0,1.460,2325,2469
A-IV,20 mm M602 API-T,0,1.470,2335,2480
A-IV,20 mm M602 API-T,0,1.480,2344,2491
A-IV,20 mm M602 API-T,0,1.490,2354,2501
A-IV,20 mm M602 API-T,0,1.500,2364,2512
A-IV,20 mm M602 API-T,0,1.510,2374,2523
A-IV,20 mm M602 API-T,0,1.520,2383,2534
A-IV,20 mm M602 API-T,0,1.530,2393,2544
A-IV,20 mm M602 API-T,0,1.540,2403,2555
A-IV,20 mm M602 API-T,0,1.550,2412,2565
A-IV,20 mm M602 API-T,0,1.560,2422,2576
A-IV,20 mm M602 API-T,0,1.570,2431,2586
A-IV,20 mm M602 API-T,0,1.580,2440,2597
A-IV,20 mm M602 API-T,0,1.590,2450,2607
A-IV,20 mm M602 API-T,0,1.600,2459,2617
A-IV,20 mm M602 API-T,0,1.610,2468,2628
A-IV,20 mm M602 API-T,0,1.620,2478,2638
A-IV,20 mm M602 API-T,0,1.630,2487,2648
A-IV,20 mm M602 API-T,0,1.640,2496,2658
A-IV,20 mm M602 API-T,0,1.650,2505,2668
A-IV,20 mm M602 API-T,0,1.660,2514,2678
A-IV,20 mm M602 API-T,0,1.670,2524,2689
A-IV,20 mm M602 API-T,0,1.680,2533,2699
A-IV,20 mm M602 API-T,0,1.690,2542,2709
A-IV,20 mm M602 API-T,0,1.700,2551,2719
A-IV,20 mm M602 API-T,0,1.710,2560,2728
A-IV,20 mm M602 API-T,0,1.720,2568,2738
A-IV,20 mm M602 API-T,0,1.730,2586,2748
A-IV,20 mm M602 API-T,0,1.740,2595,2758
A-IV,20 mm M602 API-T,0,1.750,2604,2768
A-IV,20 mm M602 API-T,0,1.760,2613,2778
A-IV,20 mm M602 API-T,0,1.770,2613,2787
A-IV,20 mm M602 API-T,0,1.780,2621,2797
A-IV,20 mm M602 API-T,0,1.790,2630,2807
A-IV,20 mm M602 API-T,0,1.800,2639,2816
A-IV,20 mm M602 API-T,0,1.810,2647,2826
A-IV,20 mm M602 API-T,0,1.820,2656,2836
A-IV,20 mm M602 API-T,0,1.830,2664,2845
A-IV,20 mm M602 API-T,0,1.840,2673,2855
A-IV,20 mm M602 API-T,0,1.850,2681,2864
A-IV,20 mm M602 API-T,0,1.860,2690,2874
A-IV,20 mm M602 API-T,0,1.870,2698,2883
A-IV,20 mm M602 API-T,0,1.880,2707,2892
A-IV,20 mm M602 API-T,0,1.890,2715,2902
A-IV,20 mm M602 API-T,0,1.900,2723,2911
A-IV,20 mm M602 API-T,0,1.910,2732,2921
A-IV,20 mm M602 API-T,0,1.920,2740,2930
A-IV,20 mm M602 API-T,0,1.930,2748,2939
A-IV,20 mm M602 API-T,0,1.940,2757,2948
A-IV,20 mm M602 API-T,0,1.950,2765,2958
A-IV,20 mm M602 API-T,0,1.960,2773,2967
A-IV,20 mm M602 API-T,0,1.970,2781,2976
A-IV,20 mm M602 API-T,0,1.980,2789,2985
A-IV,20 mm M602 API-T,0,1.990,2798,2994
A-IV,20 mm M602 API-T,0,2.000,2806,3003
A-IV,20 mm M602 API-T,0,2.010,2814,3012
A-IV,20 mm M602 API-T,0,2.020,2822,3021
A-IV,20 mm M602 API-T,0,2.030,2830,3030
A-IV,20 mm M602 API-T,0,2.040,2838,3039
A-IV,20 mm M602 API-T,0,2.050,2846,3048
A-IV,20 mm M602 API-T,0,2.060,2854,3057
A-IV,20 mm M602 API-T,0,2.070,2862,3066
A-IV,20 mm M602 API-T,0,2.080,2870,3075
A-IV,20 mm M602 API-T,0,2.090,2877,3084
A-IV,20 mm M602 API-T,0,2.100,2885,3093
A-IV,20 mm M602 API-T,0,2.110,2893,3102
A-IV,20 mm M602 API-T,0,2.120,2901,3110
A-IV,20 mm M602 API-T,0,2.130,2909,3119
A-IV,20 mm M602 API-T,0,2.140,2916,3128
A-IV,20 mm M602 API-T,0,2.150,2924,3137
A-IV,20 mm M602 API-T,0,2.160,2932,3145
A-IV,20 mm M602 API-T,0,2.170,2940,3154
A-IV,20 mm M602 API-T,0,2.180,2947,3163
A-IV,20 mm M602 API-T,0,2.190,2955,3171
A-IV,20 mm M602 API-T,0,2.200,2963,3180
A-IV,20 mm M602 API-T,0,2.210,2970,3188
A-IV,20 mm M602 API-T,0,2.220,2978,3197
A-IV,20 mm M602 API-T,0,2.230,2985,3206
A-IV,20 mm M602 API-T,0,2.240,2993,3214
A-IV,20 mm M602 API-T,0,2.250,3000,3223
A-IV,20 mm M602 API-T,0,2.260,3008,3231
A-IV,20 mm M602 API-T,0,2.270,3015,3240
A-IV,20 mm M602 API-T,0,2.280,3023,3248
A-IV,20 mm M602 API-T,0,2.290,3030,3257
A-IV,20 mm M602 API-T,0,2.300,3038,3265
A-IV,20 mm M602 API-T,0,2.310,3045,3273
A-IV,20 mm M602 API-T,0,2.320,3052,3282
A-IV,20 mm M602 API-T,0,2.330,3060,3290
A-IV,20 mm M602 API-T,0,2.340,3067,3298
A-IV,20 mm M602 API-T,0,2.350,3075,3307
A-IV,20 mm M602 API-T,0,2.360,3082,3315
A-IV,20 mm M602 API-T,0,2.370,3089,3323
A-IV,20 mm M602 API-T,0,2.380,3096,3331
A-IV,20 mm M602 API-T,0,2.390,3104,3340
A-IV,20 mm M602 API-T,0,2.400,3111,3348
A-IV,20 mm M602 API-T,0,2.410,3118,3356
A-IV,20 mm M602 API-T,0,2.420,3125,3364
A-IV,20 mm M602 API-T,0,2.430,3132,3372
A-IV,20 mm M602 API-T,0,2.440,3140,3381
A-IV,20 mm M602 API-T,0,2.450,3147,3389
A-IV,20 mm M602 API-T,0,2.460,3154,3397
A-IV,20 mm M602 API-T,0,2.470,3161,3405
A-IV,20 mm M602 API-T,0,2.480,3168,3413
A-IV,20 mm M602 API-T,0,2.490,3175,3421
A-IV,20 mm M602 API-T,0,2.500,3182,3429
A-IV,20 mm M602 API-T,0,2.510,3189,3437
A-IV,20 mm M602 API-T,0,2.520,3196,3445
A-IV,20 mm M602 API-T,0,2.530,3203,3453
A-IV,20 mm M602 API-T,0,2.540,3210,3461
A-IV,20 mm M602 API-T,0,2.550,3217,3469
A-IV,20 mm M602 API-T,0,2.560,3224,3477
A-IV,20 mm M602 API-T,0,2.570,3231,3485
A-IV,20 mm M602 API-T,0,2.580,3238,3493
A-IV,20 mm M602 API-T,0,2.590,3245,3501
A-IV,20 mm M602 API-T,0,2.600,3252,3509
A-IV,20 mm M602 API-T,0,2.610,3259,3516
A-IV,20 mm M602 API-T,0,2.620,3265,3524
A-IV,20 mm M602 API-T,0,2.630,3272,3532
A-IV,20 mm M602 API-T,0,2.640,3279,3540
A-IV,20 mm M602 API-T,0,2.650,3286,3548
A-IV,20 mm M602 API-T,0,2.660,3293,3556
A-IV,20 mm M602 API-T,0,2.670,3299,3563
A-IV,20 mm M602 API-T,0,2.680,3306,3571
A-IV,20 mm M602 API-T,0,2.690,3313,3579
A-IV,20 mm M602 API-T,0,2.700,3320,3586
A-IV,20 mm M602 API-T,0,2.710,3326,3594
A-IV,20 mm M602 API-T,0,2.720,3333,3602
A-IV,20 mm M602 API-T,0,2.730,3340,3610
A-IV,20 mm M602 API-T,0,2.740,3346,3617
A-IV,20 mm M602 API-T,0,2.750,3353,3625
A-IV,20 mm M602 API-T,0,2.760,3360,3632
A-IV,20 mm M602 API-T,0,2.770,3366,3640
A-IV,20 mm M602 API-T,0,2.780,3373,3648
A-IV,20 mm M602 API-T,0,2.790,3380,3655
A-IV,20 mm M602 API-T,0,2.800,3386,3663
A-IV,20 mm M602 API-T,0,2.810,3393,3670
A-IV,20 mm M602 API-T,0,2.820,3400,3678
A-IV,20 mm M602 API-T,0,2.830,3406,3686
A-V,90 mm M82 APC,45,2.690,2089,2382
A-V,90 mm M82 APC,45,2.700,2095,2388
A-V,90 mm M82 APC,45,2.710,2101,2394
A-V,90 mm M82 APC,45,2.720,2107,2400
A-V,90 mm M82 APC,45,2.730,2113,2406
A-V,90 mm M82 APC,45,2.740,2119,2412
A-V,90 mm M82 APC,45,2.750,2125,2418
A-V,90 mm M82 APC,45,2.751,2126,2419
A-V,90 mm M82 APC,45,2.760,2131,2424
A-V,90 mm M82 APC,45,2.770,2137,2430
A-V,90 mm M82 APC,45,2.780,2143,2436
A-V,90 mm M82 APC,45,2.790,2149,2442
A-V,90 mm M82 APC,45,2.800,2155,2448
A-V,90 mm M82 APC,45,2.810,2161,2454
A-V,90 mm M82 APC,45,2.820,2167,2460
A-V,90 mm M82 APC,45,2.830,2173,2466
A-V,90 mm M82 APC,45,2.840,2179,2472
A-V,90 mm M82 APC,45,2.850,2185,2478
A-V,90 mm M82 APC,45,2.860,2190,2483
A-V,90 mm M82 APC,45,2.870,2196,2489
A-V,90 mm M82 APC,45,2.880,2202,2495
A-V,90 mm M82 APC,45,2.890,2208,2501
A-V,90 mm M82 APC,45,2.900,2214,2507
A-V,90 mm M82 APC,45,2.910,2220,2513
A-V,90 mm M82 APC,45,2.920,2225,2518
A-V,90 mm M82 APC,45,2.930,2231,2524
A-V,90 mm M82 APC,45,2.940,2237,2530
A-V,90 mm M82 APC,45,2.950,2243,2536
A-V,90 mm M82 APC,45,2.960,2248,2541
A-V,90 mm M82 APC,45,2.970,2254,2547
A-V,90 mm M82 APC,45,2.980,2260,2553
A-V,90 mm M82 APC,45,2.990,2265,2558
A-V,90 mm M82 APC,45,3.000,2271,2564
A-V,90 mm M82 APC,45,3.010,2277,2570
A-V,90 mm M82 APC,45,3.020,2282,2575
A-V,90 mm M82 APC,45,3.030,2288,2581
A-V,90 mm M82 APC,45,3.040,2294,2587
A-V,90 mm M82 APC,45,3.050,2299,2592
A-V,90 mm M82 APC,45,3.060,2305,2598
A-V,90 mm M82 APC,45,3.070,2310,2603
A-V,90 mm M82 APC,45,3.080,2316,2609
A-V,90 mm M82 APC,45,3.090,2322,2615
A-V,90 mm M82 APC,45,3.100,2327,2620
A-V,90 mm M82 APC,45,3.110,2333,2626
A-V,90 mm M82 APC,45,3.120,2338,2631
A-V,90 mm M82 APC,45,3.130,2344,2637
A-V,90 mm M82 APC,45,3.140,2349,2642
A-V,90 mm M82 APC,45,3.150,2355,2648
A-V,90 mm M82 APC,45,3.160,2360,2653
A-V,90 mm M82 APC,45,3.170,2366,2659
A-V,90 mm M82 APC,45,3.180,2371,2664
A-V,90 mm M82 APC,45,3.190,2376,2669
A-V,90 mm M82 APC,45,3.200,2382,2675
A-V,90 mm M82 APC,45,3.210,2387,2680
A-V,90 mm M82 APC,45,3.220,2393,2686
A-V,90 mm M82 APC,45,3.230,2398,2691
A-V,90 mm M82 APC,45,3.240,2404,2697
A-V,90 mm M82 APC,45,3.250,2409,2702
A-V,90 mm M82 APC,45,3.260,2414,2707
A-V,90 mm M82 APC,45,3.270,2420,2713
A-V,90 mm M82 APC,45,3.280,2425,2718
A-V,90 mm M82 APC,45,3.290,2430,2723
A-V,90 mm M82 APC,45,3.300,2436,2729
A-V,90 mm M82 APC,45,3.310,2441,2734
A-V,90 mm M82 APC,45,3.320,2446,2739
A-V,90 mm M82 APC,45,3.330,2451,2744
A-V,90 mm M82 APC,45,3.340,2457,2750
A-V,90 mm M82 APC,45,3.350,2462,2755
A-V,90 mm M82 APC,45,3.360,2467,2760
A-V,90 mm M82 APC,45,3.370,2472,2765
A-V,90 mm M82 APC,45,3.380,2478,2771
A-V,90 mm M82 APC,45,3.390,2483,2776
A-V,90 mm M82 APC,45,3.400,2488,2781
A-V,90 mm M82 APC,45,3.410,2493,2786
A-V,90 mm M82 APC,45,3.420,2498,2791
A-V,90 mm M82 APC,45,3.430,2504,2797
A-V,90 mm M82 APC,45,3.440,2509,2802
A-V,90 mm M82 APC,45,3.450,2514,2807
A-V,90 mm M82 APC,45,3.460,2519,2812
A-V,90 mm M82 APC,45,3.470,2524,2817
A-V,90 mm M82 APC,45,3.480,2529,2822
A-V,90 mm M82 APC,45,3.490,2534,2827
A-V,90 mm M82 APC,45,3.500,2540,2833
A-V,90 mm M82 APC,45,3.510,2545,2838
A-V,90 mm M82 APC,45,3.520,2550,2843
A-V,90 mm M82 APC,45,3.530,2555,2848
A-V,90 mm M82 APC,45,3.540,2560,2853
A-V,90 mm M82 APC,45,3.550,2565,2858
A-V,90 mm M82 APC,45,3.560,2570,2863
A-V,90 mm M82 APC,45,3.570,2575,2868
A-VI,90 mm M82 APC,30,3.425,1924,2116
A-VI,90 mm M82 APC,30,3.430,1926,2118
A-VI,90 mm M82 APC,30,3.435,1929,2121
A-VI,90 mm M82 APC,30,3.440,1931,2123
A-VI,90 mm M82 APC,30,3.445,1933,2125
A-VI,90 mm M82 APC,30,3.450,1935,2127
A-VI,90 mm M82 APC,30,3.455,1937,2129
A-VI,90 mm M82 APC,30,3.460,1939,2131
A-VI,90 mm M82 APC,30,3.465,1942,2134
A-VI,90 mm M82 APC,30,3.470,1944,2136
A-VI,90 mm M82 APC,30,3.475,1946,2138
A-VI,90 mm M82 APC,30,3.480,1948,2140
A-VI,90 mm M82 APC,30,3.485,1950,2142
A-VI,90 mm M82 APC,30,3.490,1952,2144
A-VI,90 mm M82 APC,30,3.495,1954,2146
A-VI,90 mm M82 APC,30,3.500,1957,2149
A-VI,90 mm M82 APC,30,3.501,1957,2149
A-VI,90 mm M82 APC,30,3.505,1959,2151
A-VI,90 mm M82 APC,30,3.510,1961,2153
A-VI,90 mm M82 APC,30,3.515,1963,2155
A-VI,90 mm M82 APC,30,3.520,1965,2157
A-VI,90 mm M82 APC,30,3.525,1967,2159
A-VI,90 mm M82 APC,30,3.530,1969,2161
A-VI,90 mm M82 APC,30,3.535,1971,2163
A-VI,90 mm M82 APC,30,3.540,1974,2166
A-VI,90 mm M82 APC,30,3.545,1976,2168
A-VI,90 mm M82 APC,30,3.550,1978,2170
A-VI,90 mm M82 APC,30,3.555,1980,2172
A-VI,90 mm M82 APC,30,3.560,1982,2174
A-VI,90 mm M82 APC,30,3.565,1984,2176
A-VI,90 mm M82 APC,30,3.570,1986,2178
A-VI,90 mm M82 APC,30,3.575,1988,2180
A-VI,90 mm M82 APC,30,3.580,1990,2182
A-VI,90 mm M82 APC,30,3.585,1993,2185
A-VI,90 mm M82 APC,30,3.590,1995,2187
A-VI,90 mm M82 APC,30,3.595,1997,2189
A-VI,90 mm M82 APC,30,3.600,1999,2191
A-VI,90 mm M82 APC,30,3.605,2001,2193
A-VI,90 mm M82 APC,30,3.610,2003,2195
A-VI,90 mm M82 APC,30,3.615,2005,2197
A-VI,90 mm M82 APC,30,3.620,2007,2199
A-VI,90 mm M82 APC,30,3.625,2009,2201
A-VI,90 mm M82 APC,30,3.630,2011,2203
A-VI,90 mm M82 APC,30,3.635,2013,2205
A-VI,90 mm M82 APC,30,3.640,2015,2207
A-VI,90 mm M82 APC,30,3.645,2018,2210
A-VI,90 mm M82 APC,30,3.650,2020,2212
A-VI,90 mm M82 APC,30,3.655,2022,2214
A-VI,90 mm M82 APC,30,3.660,2024,2216
A-VI,90 mm M82 APC,30,3.665,2026,2218
A-VI,90 mm M82 APC,30,3.670,2028,2220
A-VI,90 mm M82 APC,30,3.675,2030,2222
A-VI,90 mm M82 APC,30,3.680,2032,2224
A-VI,90 mm M82 APC,30,3.685,2034,2226
A-VI,90 mm M82 APC,30,3.690,2036,2228
A-VI,90 mm M82 APC,30,3.695,2038,2230
A-VI,90 mm M82 APC,30,3.700,2040,2232
A-VI,90 mm M82 APC,30,3.705,2042,2234
A-VI,90 mm M82 APC,30,3.710,2044,2236
A-VI,90 mm M82 APC,30,3.715,2046,2238
A-VI,90 mm M82 APC,30,3.720,2048,2240
A-VI,90 mm M82 APC,30,3.725,2051,2243
A-VI,90 mm M82 APC,30,3.730,2053,2245
A-VI,90 mm M82 APC,30,3.735,2055,2247
A-VI,90 mm M82 APC,30,3.740,2057,2249
A-VI,90 mm M82 APC,30,3.745,2059,2251
A-VI,90 mm M82 APC,30,3.750,2061,2253
A-VI,90 mm M82 APC,30,3.755,2063,2255
A-VI,90 mm M82 APC,30,3.760,2065,2257
A-VI,90 mm M82 APC,30,3.765,2067,2259
A-VI,90 mm M82 APC,30,3.770,2069,2261
A-VI,90 mm M82 APC,30,3.775,2071,2263
A-VI,90 mm M82 APC,30,3.780,2073,2265
A-VI,90 mm M82 APC,30,3.785,2075,2267
A-VI,90 mm M82 APC,30,3.790,2077,2269
A-VI,90 mm M82 APC,30,3.795,2079,2271
A-VI,90 mm M82 APC,30,3.800,2081,2273
A-VI,90 mm M82 APC,30,3.805,2083,2275
A-VI,90 mm M82 APC,30,3.810,2085,2277
A-VI,90 mm M82 APC,30,3.815,2087,2279
A-VI,90 mm M82 APC,30,3.820,2089,2281
A-VI,90 mm M82 APC,30,3.825,2091,2283
A-VI,90 mm M82 APC,30,3.830,2093,2285
A-VI,90 mm M82 APC,30,3.835,2095,2287
A-VI,90 mm M82 APC,30,3.840,2097,2289
A-VI,90 mm M82 APC,30,3.845,2099,2291
A-VI,90 mm M82 APC,30,3.850,2101,2293
A-VI,90 mm M82 APC,30,3.855,2103,2295
A-VI,90 mm M82 APC,30,3.860,2105,2297
A-VI,90 mm M82 APC,30,3.865,2107,2299
A-VI,90 mm M82 APC,30,3.870,2109,2301
A-VI,90 mm M82 APC,30,3.875,2111,2303
A-VI,90 mm M82 APC,30,3.880,2113,2305
A-VI,90 mm M82 APC,30,3.885,2115,2307
A-VI,90 mm M82 APC,30,3.890,2117,2309
A-VI,90 mm M82 APC,30,3.895,2119,2311
A-VI,90 mm M82 APC,30,3.900,2121,2313
A-VI,90 mm M82 APC,30,3.905,2123,2315
A-VI,90 mm M82 APC,30,3.910,2125,2317
A-VI,90 mm M82 APC,30,3.915,2127,2319
A-VI,90 mm M82 APC,30,3.920,2129,2321
A-VI,90 mm M82 APC,30,3.925,2131,2323
A-VI,90 mm M82 APC,30,3.930,2133,2325
A-VI,90 mm M82 APC,30,3.935,2135,2327
A-VI,90 mm M82 APC,30,3.940,2137,2329
A-VI,90 mm M82 APC,30,3.945,2139,2331
A-VI,90 mm M82 APC,30,3.950,2141,2333
A-VI,90 mm M82 APC,30,3.955,2143,2335
A-VI,90 mm M82 APC,30,3.960,2144,2336
A-VI,90 mm M82 APC,30,3.965,2146,2338
A-VI,90 mm M82 APC,30,3.970,2148,2340
A-VI,90 mm M82 APC,30,3.975,2150,2342
A-VI,90 mm M82 APC,30,3.980,2152,2344
A-VI,90 mm M82 APC,30,3.985,2154,2346
A-VI,90 mm M82 APC,30,3.990,2156,2348
A-VI,90 mm M82 APC,30,3.995,2158,2350
A-VI,90 mm M82 APC,30,3.999,2160,2352
A-VI,90 mm M82 APC,30,4.000,2160,2352
A-VI,90 mm M82 APC,30,4.005,2162,2354
A-VI,90 mm M82 APC,30,4.010,2164,2356
A-VI,90 mm M82 APC,30,4.015,2166,2358
A-VI,90 mm M82 APC,30,4.020,2168,2360
A-VI,90 mm M82 APC,30,4.025,2170,2362
A-VI,90 mm M82 APC,30,4.030,2172,2364
A-VI,90 mm M82 APC,30,4.035,2174,2366
A-VI,90 mm M82 APC,30,4.040,2176,2368
A-VI,90 mm M82 APC,30,4.045,2178,2370
A-VI,90 mm M82 APC,30,4.050,2179,2371
A-VI,90 mm M82 APC,30,4.055,2181,2373
A-VI,90 mm M82 APC,30,4.060,2183,2375
A-VI,90 mm M82 APC,30,4.065,2185,2377
A-VI,90 mm M82 APC,30,4.070,2187,2379
A-VII,90 mm M318A1 AP,0,3.940,1583,1785
A-VII,90 mm M318A1 AP,0,3.950,1586,1788
A-VII,90 mm M318A1 AP,0,3.960,1590,1792
A-VII,90 mm M318A1 AP,0,3.970,1594,1796
A-VII,90 mm M318A1 AP,0,3.980,1597,1799
A-VII,90 mm M318A1 AP,0,3.990,1601,1803
A-VII,90 mm M318A1 AP,0,4.000,1605,1807
A-VII,90 mm M318A1 AP,0,4.010,1608,1810
A-VII,90 mm M318A1 AP,0,4.020,1612,1814
A-VII,90 mm M318A1 AP,0,4.030,1616,1818
A-VII,90 mm M318A1 AP,0,4.040,1619,1821
A-VII,90 mm M318A1 AP,0,4.050,1623,1825
A-VII,90 mm M318A1 AP,0,4.060,1627,1829
A-VII,90 mm M318A1 AP,0,4.070,1630,1832
A-VII,90 mm M318A1 AP,0,4.080,1634,1836
A-VII,90 mm M318A1 AP,0,4.090,1637,1839
A-VII,90 mm M318A1 AP,0,4.100,1641,1843
A-VII,90 mm M318A1 AP,0,4.110,1644,1846
A-VII,90 mm M318A1 AP,0,4.120,1648,1850
A-VII,90 mm M318A1 AP,0,4.130,1652,1854
A-VII,90 mm M318A1 AP,0,4.140,1655,1857
A-VII,90 mm M318A1 AP,0,4.150,1659,1861
A-VII,90 mm M318A1 AP,0,4.160,1662,1864
A-VII,90 mm M318A1 AP,0,4.170,1666,1868
A-VII,90 mm M318A1 AP,0,4.180,1669,1871
A-VII,90 mm M318A1 AP,0,4.190,1673,1875
A-VII,90 mm M318A1 AP,0,4.200,1676,1878
A-VII,90 mm M318A1 AP,0,4.210,1680,1882
A-VII,90 mm M318A1 AP,0,4.220,1683,1885
A-VII,90 mm M318A1 AP,0,4.230,1687,1889
A-VII,90 mm M318A1 AP,0,4.240,1690,1892
A-VII,90 mm M318A1 AP,0,4.250,1694,1896
A-VII,90 mm M318A1 AP,0,4.260,1697,1899
A-VII,90 mm M318A1 AP,0,4.270,1701,1903
A-VII,90 mm M318A1 AP,0,4.280,1704,1906
A-VII,90 mm M318A1 AP,0,4.290,1708,1910
A-VII,90 mm M318A1 AP,0,4.300,1711,1913
A-VII,90 mm M318A1 AP,0,4.310,1714,1916
A-VII,90 mm M318A1 AP,0,4.320,1718,1920
A-VII,90 mm M318A1 AP,0,4.330,1721,1923
A-VII,90 mm M318A1 AP,0,4.340,1725,1927
A-VII,90 mm M318A1 AP,0,4.350,1728,1930
A-VII,90 mm M318A1 AP,0,4.360,1731,1933
A-VII,90 mm M318A1 AP,0,4.370,1735,1937
A-VII,90 mm M318A1 AP,0,4.380,1738,1940
A-VII,90 mm M318A1 AP,0,4.390,1742,1944
A-VII,90 mm M318A1 AP,0,4.400,1745,1947
A-VII,90 mm M318A1 AP,0,4.410,1748,1950
A-VII,90 mm M318A1 AP,0,4.420,1752,1954
A-VII,90 mm M318A1 AP,0,4.430,1755,1957
A-VII,90 mm M318A1 AP,0,4.440,1758,1960
A-VII,90 mm M318A1 AP,0,4.450,1762,1964
A-VII,90 mm M318A1 AP,0,4.460,1765,1967
A-VII,90 mm M318A1 AP,0,4.470,1768,1970
A-VII,90 mm M318A1 AP,0,4.480,1772,1974
A-VII,90 mm M318A1 AP,0,4.490,1775,1977
A-VII,90 mm M318A1 AP,0,4.500,1778,1980
A-VII,90 mm M318A1 AP,0,4.510,1782,1984
A-VII,90 mm M318A1 AP,0,4.520,1785,1987
A-VII,90 mm M318A1 AP,0,4.530,1788,1990
A-VII,90 mm M318A1 AP,0,4.540,1792,1994
A-VII,90 mm M318A1 AP,0,4.550,1795,1997
A-VII,90 mm M318A1 AP,0,4.560,1798,2000
A-VII,90 mm M318A1 AP,0,4.570,1801,2003
A-VII,90 mm M318A1 AP,0,4.580,1805,2007
A-VII,90 mm M318A1 AP,0,4.590,1808,2010
A-VII,90 mm M318A1 AP,0,4.600,1811,2013
A-VII,90 mm M318A1 AP,0,4.610,1815,2017
A-VII,90 mm M318A1 AP,0,4.620,1818,2020
A-VII,90 mm M318A1 AP,0,4.630,1821,2023
A-VII,90 mm M318A1 AP,0,4.640,1824,2026
A-VII,90 mm M318A1 AP,0,4.650,1827,2029
A-VII,90 mm M318A1 AP,0,4.660,1831,2033
A-VII,90 mm M318A1 AP,0,4.670,1834,2036
A-VII,90 mm M318A1 AP,0,4.680,1837,2039
A-VII,90 mm M318A1 AP,0,4.690,1840,2042
A-VII,90 mm M318A1 AP,0,4.700,1844,2046
A-VII,90 mm M318A1 AP,0,4.710,1847,2049
A-VII,90 mm M318A1 AP,0,4.720,1850,2052
A-VII,90 mm M318A1 AP,0,4.730,1853,2055
A-VII,90 mm M318A1 AP,0,4.740,1856,2058
A-VII,90 mm M318A1 AP,0,4.750,1860,2062
A-VII,90 mm M318A1 AP,0,4.760,1863,2065
A-VII,90 mm M318A1 AP,0,4.770,1866,2068
A-VII,90 mm M318A1 AP,0,4.780,1869,2071
A-VII,90 mm M318A1 AP,0,4.790,1872,2074
A-VII,90 mm M318A1 AP,0,4.800,1875,2077
A-VII,90 mm M318A1 AP,0,4.810,1878,2080
A-VII,90 mm M318A1 AP,0,4.820,1882,2084
A-VII,90 mm M318A1 AP,0,4.830,1885,2087
A-VII,90 mm M318A1 AP,0,4.840,1888,2090
A-VII,90 mm M318A1 AP,0,4.850,1891,2093
A-VII,90 mm M318A1 AP,0,4.860,1894,2096
A-VII,90 mm M318A1 AP,0,4.870,1897,2099
A-VII,90 mm M318A1 AP,0,4.880,1900,2102
A-VII,90 mm M318A1 AP,0,4.890,1903,2105
A-VII,90 mm M318A1 AP,0,4.900,1907,2109
A-VII,90 mm M318A1 AP,0,4.910,1910,2112
A-VII,90 mm M318A1 AP,0,4.920,1913,2115
A-VII,90 mm M318A1 AP,0,4.930,1916,2118
A-VII,90 mm M318A1 AP,0,4.940,1919,2121
A-VII,90 mm M318A1 AP,0,4.950,1922,2124
A-VII,90 mm M318A1 AP,0,4.960,1925,2127
A-VII,90 mm M318A1 AP,0,4.970,1928,2130
A-VII,90 mm M318A1 AP,0,4.980,1931,2133
A-VII,90 mm M318A1 AP,0,4.990,1934,2136
A-VII,90 mm M318A1 AP,0,5.000,1937,2139
A-VII,90 mm M318A1 AP,0,5.010,1940,2142
A-VII,90 mm M318A1 AP,0,5.020,1943,2145
A-VII,90 mm M318A1 AP,0,5.030,1946,2148
A-VII,90 mm M318A1 AP,0,5.040,1950,2152
A-VII,90 mm M318A1 AP,0,5.050,1953,2155
A-VII,90 mm M318A1 AP,0,5.060,1956,2158
A-VII,90 mm M318A1 AP,0,5.070,1959,2161
A-VII,90 mm M318A1 AP,0,5.080,1962,2164
A-VII,90 mm M318A1 AP,0,5.090,1965,2167
A-VII,90 mm M318A1 AP,0,5.110,1971,2173
A-VII,90 mm M318A1 AP,0,5.120,1974,2176
A-VII,90 mm M318A1 AP,0,5.130,1977,2179
A-VII,90 mm M318A1 AP,0,5.140,1980,2182
A-VII,90 mm M318A1 AP,0,5.150,1983,2185
A-VII,90 mm M318A1 AP,0,5.160,1986,2188
A-VII,90 mm M318A1 AP,0,5.170,1989,2191
A-VII,90 mm M318A1 AP,0,5.180,1992,2194
A-VII,90 mm M318A1 AP,0,5.190,1995,2197
A-VII,90 mm M318A1 AP,0,5.200,1998,2200
A-VII,90 mm M318A1 AP,0,5.210,2001,2203
A-VII,90 mm M318A1 AP,0,5.220,2003,2205
A-VII,90 mm M318A1 AP,0,5.230,2006,2208
A-VII,90 mm M318A1 AP,0,5.240,2009,2211
A-VII,90 mm M318A1 AP,0,5.250,2012,2214
A-VII,90 mm M318A1 AP,0,5.260,2015,2217
A-VII,90 mm M318A1 AP,0,5.270,2018,2220
A-VII,90 mm M318A1 AP,0,5.280,2021,2223
A-VII,90 mm M318A1 AP,0,5.290,2024,2226
A-VII,90 mm M318A1 AP,0,5.300,2027,2229
A-VII,90 mm M318A1 AP,0,5.310,2030,2232
A-VII,90 mm M318A1 AP,0,5.320,2033,2235
A-VII,90 mm M318A1 AP,0,5.330,2036,2238
A-VII,90 mm M318A1 AP,0,5.340,2039,2241
A-VII,90 mm M318A1 AP,0,5.350,2042,2244
A-VII,90 mm M318A1 AP,0,5.360,2045,2247
A-VII,90 mm M318A1 AP,0,5.370,2047,2249
A-VII,90 mm M318A1 AP,0,5.380,2050,2252
A-VII,90 mm M318A1 AP,0,5.390,2053,2255
A-VII,90 mm M318A1 AP,0,5.400,2056,2258
A-VII,90 mm M318A1 AP,0,5.410,2059,2261
A-VII,90 mm M318A1 AP,0,5.420,2062,2264
A-VII,90 mm M318A1 AP,0,5.430,2065,2267
A-VII,90 mm M318A1 AP,0,5.440,2068,2270
A-VII,90 mm M318A1 AP,0,5.450,2070,2272
A-VII,90 mm M318A1 AP,0,5.460,2073,2275
A-VII,90 mm M318A1 AP,0,5.470,2076,2278
A-VII,90 mm M318A1 AP,0,5.480,2079,2281
A-VII,90 mm M318A1 AP,0,5.490,2082,2284
A-VII,90 mm M318A1 AP,0,5.500,2085,2287
A-VII,90 mm M318A1 AP,0,5.510,2088,2290
A-VII,90 mm M318A1 AP,0,5.520,2090,2292
A-VII,90 mm M318A1 AP,0,5.530,2093,2295
A-VII,90 mm M318A1 AP,0,5.540,2096,2298
A-VII,90 mm M318A1 AP,0,5.550,2099,2301
A-VII,90 mm M318A1 AP,0,5.560,2102,2304
A-VII,90 mm M318A1 AP,0,5.570,2105,2307
A-VII,90 mm M318A1 AP,0,5.580,2107,2309
A-VII,90 mm M318A1 AP,0,5.590,2110,2312
A-VII,90 mm M318A1 AP,0,5.600,2113,2315
A-VII,90 mm M318A1 AP,0,5.610,2116,2318
A-VII,90 mm M318A1 AP,0,5.620,2119,2321
A-VII,90 mm M318A1 AP,0,5.630,2121,2323
A-VII,90 mm M318A1 AP,0,5.640,2124,2326
A-VII,90 mm M318A1 AP,0,5.650,2127,2329
A-VII,90 mm M318A1 AP,0,5.660,2130,2332
A-VII,90 mm M318A1 AP,0,5.670,2133,2335
A-VII,90 mm M318A1 AP,0,5.680,2135,2337
A-VII,90 mm M318A1 AP,0,5.690,2138,2340
A-VII,90 mm M318A1 AP,0,5.700,2141,2343
A-VII,90 mm M318A1 AP,0,5.710,2144,2346
A-VII,90 mm M318A1 AP,0,5.720,2147,2349
A-VII,90 mm M318A1 AP,0,5.730,2149,2351
A-VII,90 mm M318A1 AP,0,5.740,2152,2354
A-VII,90 mm M318A1 AP,0,5.750,2155,2357
A-VII,90 mm M318A1 AP,0,5.760,2158,2360
A-VII,90 mm M318A1 AP,0,5.770,2160,2362
A-VII,90 mm M318A1 AP,0,5.780,2163,2365
A-VII,90 mm M318A1 AP,0,5.790,2166,2368
A-VII,90 mm M318A1 AP,0,5.800,2169,2371
A-VII,90 mm M318A1 AP,0,5.810,2171,2373
A-VII,90 mm M318A1 AP,0,5.820,2174,2376
A-VII,90 mm M318A1 AP,0,5.830,2177,2379
A-VII,90 mm M318A1 AP,0,5.840,2180,2382
A-VII,90 mm M318A1 AP,0,5.850,2182,2384
A-VII,90 mm M318A1 AP,0,5.860,2185,2387
A-VII,90 mm M318A1 AP,0,5.870,2188,2390
A-VII,90 mm M318A1 AP,0,5.880,2190,2392
A-VII,90 mm M318A1 AP,0,5.890,2193,2395
A-VII,90 mm M318A1 AP,0,5.900,2196,2398
A-VII,90 mm M318A1 AP,0,5.910,2199,2401
A-VII,90 mm M318A1 AP,0,5.920,2201,2403
A-VII,90 mm M318A1 AP,0,5.930,2204,2406
A-VII,90 mm M318A1 AP,0,5.940,2207,2409
A-VII,90 mm M318A1 AP,0,5.950,2209,2411
A-VII,90 mm M318A1 AP,0,5.960,2212,2414
A-VII,90 mm M318A1 AP,0,5.970,2215,2417
A-VII,90 mm M318A1 AP,0,5.980,2217,2419
A-VII,90 mm M318A1 AP,0,5.990,2220,2422
A-VII,90 mm M318A1 AP,0,6.000,2223,2425
A-VII,90 mm M318A1 AP,0,6.010,2226,2428
A-VII,90 mm M318A1 AP,0,6.020,2228,2430
A-VII,90 mm M318A1 AP,0,6.030,2231,2433
A-VII,90 mm M318A1 AP,0,6.040,2234,2436
A-VII,90 mm M318A1 AP,0,6.050,2236,2438
A-VII,90 mm M318A1 AP,0,6.060,2239,2441
